Assigned	Sample	No_filter	Permissive_filter	Strict_filter	No_filter	Permissive_filter	Strict_filter
NEO	NEO855*	RD	RD	RD	RD	RD	RD
RISE	RISE509*	RD	RD	RR	RD	RD	RR
NEO	NEO180*	RD	RR	RR	RD	RR	RR
VK	VK334*	RR	RR	RR	RR	RR	RR
VK	VK84*	RD	RR	RR	RD	RR	RR
NEO	NEO683*	RD	RR	RR	RD	RR	RR
	MA2203						
	RISE683						
	DA360						
	RISE677						
	EBA2						
	MA2205						
	RISE680						
	DA359						
	RISE719						
	DA355						
	DA341						
	DA249						
	RISE515						
	DA343						
	DA345						
	DA381						
	DA334						
	BOT15						
	DA337						
	MA2200						
	BOT2016						
	DA246						
	DA252						
	DA253						
	DA362						
	MA2210						
	RISE674						
	RISE664						
	RISE516						
	RISE685						
	BOT14						
	DA356						
	Yamnaya						
	RISE684						
	EBA1						
	DA336						
	DA250						
	RISE667						
	DA247						
	MA2213						
	DA353						
	DA361						
	DA340						
	DA358						
	RISE662						
	DA245						
	MA2212						
VK	VK544	RR	RR	RR	RR	RR	RR
NEO	NEO184	RR	RR	RR	RR	RR	RR
NEO	NEO589	RR	RR	RR	RR	RR	RR
VK	VK550	RR	RR	RR	RR	RR	RR
VK	VK56	RR	RR	RR	RR	RR	RR
VK	VK219	RR	RR	RR	RR	RR	RR
VK	VK306	RR	RR	RR	RR	RR	RR
VK	VK407	RR	RR	RR	RR	RR	RR
VK	VK532	RR	RR	RR	RR	RR	RR
NEO	NEO260	RR	RR	RR	RR	RR	RR
VK	VK536	RR	RR	RR	RR	RR	RR
VK	VK151	RD	RD	RD	RD	RD	RD
NEO	NEO73	RR	RR	RR	RR	RR	RR
VK	VK404	RR	RR	RR	RR	RR	RR
VK	VK368	RD	RD	RD	RD	RD	RD
NEO	NEO951	RR	RR	RR	RR	RR	RR
NEO	NEO933	RR	RR	RR	RR	RR	RR
VK	VK257	RR	RR	RR	RR	RR	RR
VK	VK70	RD	RD	RD	RD	RD	RD
VK	VK491	RR	RR	RR	RR	RR	RR
VK	VK358	RD	RR	RR	RD	RR	RR
NEO	NEO25	RR	RR	RR	RR	RR	RR
VK	VK540	RR	RR	RR	RR	RR	RR
VK	VK370	RD	RD	RD	RD	RD	RD
VK	VK488	RR	RR	RR	RR	RR	RR
VK	VK143	RR	RR	RR	RR	RR	RR
NEO	NEO300	RD	RD	RR	RD	RD	RR
NEO	NEO812	RR	RR	RR	RR	RR	RR
VK	VK102	RR	RR	RR	RR	RR	RR
NEO	NEO739	RR	RR	RR	RR	RR	RR
RISE	RISE577	RR	RR	RR	RR	RR	RR
VK	VK258	RR	RR	RR	RR	RR	RR
VK	VK492	RR	RR	RR	RR	RR	RR
VK	VK330	RR	RR	RR	RR	RR	RR
VK	VK498	RR	RR	RR	RR	RR	RR
NEO	NEO187	RR	RR	RR	RR	RR	RR
NEO	NEO87	RR	RR	RR	RR	RR	RR
NEO	NEO876	RR	RR	RR	RR	RR	RR
RISE	RISE479	RR	RR	RR	RR	RR	RR
NEO	NEO943	RR	RR	RR	RR	RR	RR
VK	VK537	RR	RR	RR	RR	RR	RR
VK	VK428	RR	RR	RR	RR	RR	RR
NEO	NEO941	RR	RR	RR	RR	RR	RR
VK	VK474	RR	RR	RR	RR	RR	RR
RISE	RISE150	RR	RR	RR	RR	RR	RR
VK	VK547	RR	RR	RR	RR	RR	RR
VK	VK398	RR	RR	RR	RR	RR	RR
VK	VK178	RR	RR	RR	RR	RR	RR
VK	VK403	RR	RR	RR	RR	RR	RR
NEO	NEO737	RR	RR	RR	RR	RR	RR
VK	VK303	RR	RR	RR	RR	RR	RR
VK	VK156	RR	RR	RR	RR	RR	RR
RISE	RISE500	RR	RR	RR	RR	RR	RR
NEO	NEO935	RR	RR	RR	RR	RR	RR
VK	VK122	RR	RR	RR	RR	RR	RR
VK	VK18	RR	RR	RR	RR	RR	RR
NEO	NEO658	RR	RR	RR	RR	RR	RR
VK	VK172	RR	RR	RR	RR	RR	RR
VK	VK343	RD	RR	RR	RD	RR	RR
VK	VK262	RR	RR	RR	RR	RR	RR
VK	VK522	RR	RR	RR	RR	RR	RR
NEO	NEO752	RR	RR	RR	RR	RR	RR
VK	VK176	RD	RR	RR	RD	RR	RR
NEO	NEO302	RR	RR	RR	RR	RR	RR
VK	VK505	RR	RR	RR	RR	RR	RR
VK	VK281	RR	RR	RR	RR	RR	RR
NEO	NEO163	RR	RR	RR	RR	RR	RR
VK	VK384	RR	RR	RR	RR	RR	RR
VK	VK386	RR	RR	RR	RR	RR	RR
VK	VK524	RR	RR	RR	RR	RR	RR
VK	VK408	DD	RD	RD	DD	RD	RD
RISE	RISE489	RR	RR	RR	RR	RR	RR
NEO	NEO88	RR	RR	RR	RR	RR	RR
VK	VK371	RR	RR	RR	RR	RR	RR
VK	VK264	RD	RR	RR	RD	RR	RR
VK	VK187	RR	RR	RR	RR	RR	RR
VK	VK134	RD	RR	RR	RD	RR	RR
NEO	NEO281	RR	RR	RR	RR	RR	RR
RISE	RISE563	RR	RR	RR	RR	RR	RR
VK	VK282	RR	RR	RR	RR	RR	RR
NEO	NEO702	RR	RR	RR	RR	RR	RR
NEO	NEO694	RR	RR	RR	RR	RR	RR
VK	VK485	RR	RR	RR	RR	RR	RR
VK	VK477	RR	RR	RR	RR	RR	RR
NEO	NEO62	RR	RR	RR	RR	RR	RR
VK	VK509	RR	RR	RR	RR	RR	RR
VK	VK525	RR	RR	RR	RR	RR	RR
NEO	NEO212	RR	RR	RR	RR	RR	RR
VK	VK266	RR	RR	RR	RR	RR	RR
VK	VK392	RR	RR	RR	RR	RR	RR
NEO	NEO185	RR	RR	RR	RR	RR	RR
VK	VK326	RD	RD	RD	RD	RD	RD
VK	VK207	RR	RR	RR	RR	RR	RR
VK	VK357	RR	RR	RR	RR	RR	RR
NEO	NEO891	RR	RR	RR	RR	RR	RR
VK	VK517	RR	RR	RR	RR	RR	RR
NEO	NEO912	RR	RR	RR	RR	RR	RR
NEO	NEO556	RR	RR	RR	RR	RR	RR
VK	VK373	RR	RR	RR	RR	RR	RR
NEO	NEO625	RR	RR	RR	RR	RR	RR
VK	VK446	RR	RR	RR	RR	RR	RR
VK	VK190	RR	RR	RR	RR	RR	RR
VK	VK542	RR	RR	RR	RR	RR	RR
NEO	NEO283	RR	RR	RR	RR	RR	RR
VK	VK521	RD	RD	RD	RD	RD	RD
VK	VK290	RR	RR	RR	RR	RR	RR
NEO	NEO946	RD	RD	RD	RD	RD	RD
NEO	NEO78	RR	RR	RR	RR	RR	RR
VK	VK548	RD	RD	RD	RD	RD	RD
VK	VK414	RR	RR	RR	RR	RR	RR
VK	VK551	RD	RD	RD	RD	RD	RD
RISE	RISE98	RR	RR	RR	RR	RR	RR
VK	VK173	RR	RR	RR	RR	RR	RR
VK	VK165	RR	RR	RR	RR	RR	RR
VK	VK493	RR	RR	RR	RR	RR	RR
NEO	NEO917	RR	RR	RR	RR	RR	RR
RISE	RISE552	RR	RR	RR	RR	RR	RR
VK	VK314	RR	RR	RR	RR	RR	RR
VK	VK179	RR	RR	RR	RR	RR	RR
VK	VK401	RR	RR	RR	RR	RR	RR
NEO	NEO79	RR	RR	RR	RR	RR	RR
VK	VK175	RD	RD	RD	RD	RD	RD
VK	VK400	RR	RR	RR	RR	RR	RR
RISE	RISE502	RR	RR	RR	RR	RR	RR
NEO	NEO561	RR	RR	RR	RR	RR	RR
VK	VK541	RR	RR	RR	RR	RR	RR
VK	VK527	RR	RR	RR	RR	RR	RR
VK	VK480	RR	RR	RR	RR	RR	RR
NEO	NEO791	RR	RR	RR	RR	RR	RR
VK	VK496	RR	RR	RR	RR	RR	RR
VK	VK342	RD	RD	RR	RD	RD	RR
RISE	RISE495	RR	RR	RR	RR	RR	RR
NEO	NEO558	RR	RR	RR	RR	RR	RR
VK	VK308	RD	RD	RD	RD	RD	RD
VK	VK533	RD	RD	RD	RD	RD	RD
NEO	NEO516	RR	RR	RR	RR	RR	RR
RISE	RISE496	RR	RR	RR	RR	RR	RR
VK	VK259	RR	RR	RR	RR	RR	RR
VK	VK389	RR	RR	RR	RR	RR	RR
NEO	NEO29	RR	RR	RR	RR	RR	RR
VK	VK534	RR	RR	RR	RR	RR	RR
NEO	NEO843	RR	RR	RR	RR	RR	RR
VK	VK289	RR	RR	RR	RR	RR	RR
NEO	NEO630	RR	RR	RR	RR	RR	RR
VK	VK335	RR	RR	RR	RR	RR	RR
NEO	NEO751	RR	RR	RR	RR	RR	RR
NEO	NEO721	RR	RR	RR	RR	RR	RR
VK	VK475	RR	RR	RR	RR	RR	RR
VK	VK415	RR	RR	RR	RR	RR	RR
NEO	NEO115	RR	RR	RR	RR	RR	RR
VK	VK481	RR	RR	RR	RR	RR	RR
VK	VK50	RR	RR	RR	RR	RR	RR
NEO	NEO559	RR	RR	RR	RR	RR	RR
VK	VK514	RD	RD	RD	RD	RD	RD
VK	VK166	RR	RR	RR	RR	RR	RR
VK	VK442	RR	RR	RR	RR	RR	RR
NEO	NEO261	RR	RR	RR	RR	RR	RR
NEO	NEO866	RR	RR	RR	RR	RR	RR
NEO	NEO197	RR	RR	RR	RR	RR	RR
VK	VK329	RR	RR	RR	RR	RR	RR
VK	VK44	RR	RR	RR	RR	RR	RR
NEO	NEO609	RR	RR	RR	RR	RR	RR
NEO	NEO83	RR	RR	RR	RR	RR	RR
VK	VK396	RR	RR	RR	RR	RR	RR
VK	VK25	RR	RR	RR	RR	RR	RR
VK	VK445	RR	RR	RR	RR	RR	RR
NEO	NEO186	RR	RR	RR	RR	RR	RR
NEO	NEO121	RR	RR	RR	RR	RR	RR
VK	VK316	RD	RD	RR	RD	RD	RR
NEO	NEO142	RR	RR	RR	RR	RR	RR
VK	VK48	RR	RR	RR	RR	RR	RR
NEO	NEO590	RD	RD	RR	RD	RD	RR
VK	VK320	RR	RR	RR	RR	RR	RR
VK	VK238	RD	RR	RR	RD	RR	RR
VK	VK242	RR	RR	RR	RR	RR	RR
VK	VK539	RR	RR	RR	RR	RR	RR
VK	VK388	RR	RR	RR	RR	RR	RR
VK	VK30	RR	RR	RR	RR	RR	RR
VK	VK418	RR	RR	RR	RR	RR	RR
VK	VK543	RR	RR	RR	RR	RR	RR
NEO	NEO503	RR	RR	RR	RR	RR	RR
VK	VK203	RR	RR	RR	RR	RR	RR
VK	VK6	RR	RR	RR	RR	RR	RR
NEO	NEO116	RR	RR	RR	RR	RR	RR
NEO	NEO225	RR	RR	RR	RR	RR	RR
VK	VK295	RR	RR	RR	RR	RR	RR
VK	VK146	RD	RD	RD	RD	RD	RD
NEO	NEO641	RR	RR	RR	RR	RR	RR
NEO	NEO509	RR	RR	RR	RR	RR	RR
VK	VK473	RR	RR	RR	RR	RR	RR
VK	VK177	RR	RR	RR	RR	RR	RR
VK	VK456	RD	RD	RD	RD	RD	RD
NEO	NEO597	RR	RR	RR	RR	RR	RR
NEO	NEO911	RR	RR	RR	RR	RR	RR
NEO	NEO898	RR	RR	RR	RR	RR	RR
VK	VK301	RD	RD	RD	RD	RD	RD
NEO	NEO657	RR	RR	RR	RR	RR	RR
RISE	RISE505	RR	RR	RR	RR	RR	RR
VK	VK204	RR	RR	RR	RR	RR	RR
VK	VK174	RR	RR	RR	RR	RR	RR
VK	VK245	RR	RR	RR	RR	RR	RR
NEO	NEO631	RD	RR	RR	RD	RR	RR
VK	VK254	RR	RR	RR	RR	RR	RR
VK	VK419	RR	RR	RR	RR	RR	RR
VK	VK87	RR	RR	RR	RR	RR	RR
VK	VK98	RR	RR	RR	RR	RR	RR
NEO	NEO910	RR	RR	RR	RR	RR	RR
VK	VK333	RR	RR	RR	RR	RR	RR
VK	VK51	RR	RR	RR	RR	RR	RR
VK	VK538	RR	RR	RR	RR	RR	RR
VK	VK1	RR	RR	RR	RR	RR	RR
VK	VK554	RR	RR	RR	RR	RR	RR
NEO	NEO538	RR	RR	RR	RR	RR	RR
VK	VK345	RR	RR	RR	RR	RR	RR
VK	VK455	RR	RR	RR	RR	RR	RR
VK	VK273	RR	RR	RR	RR	RR	RR
VK	VK425	RR	RR	RR	RR	RR	RR
VK	VK65	RR	RR	RR	RR	RR	RR
NEO	NEO749	RR	RR	RR	RR	RR	RR
VK	VK344	RD	RD	RD	RD	RD	RD
NEO	NEO819	RR	RR	RR	RR	RR	RR
NEO	NEO502	RR	RR	RR	RR	RR	RR
VK	VK369	RR	RR	RR	RR	RR	RR
VK	VK523	RR	RR	RR	RR	RR	RR
VK	VK361	RR	RR	RR	RR	RR	RR
VK	VK17	RD	RD	RD	RD	RD	RD
VK	VK279	RD	RD	RD	RD	RD	RD
VK	VK497	RR	RR	RR	RR	RR	RR
VK	VK484	RD	RD	RD	RD	RD	RD
VK	VK92	RR	RR	RR	RR	RR	RR
RISE	RISE602	RR	RR	RR	RR	RR	RR
VK	VK486	RR	RR	RR	RR	RR	RR
VK	VK160	RR	RR	RR	RR	RR	RR
VK	VK296	RR	RR	RR	RR	RR	RR
NEO	NEO19	RR	RR	RR	RR	RR	RR
NEO	NEO570	RR	RR	RR	RR	RR	RR
VK	VK287	RR	RR	RR	RR	RR	RR
VK	VK128	RD	RD	RD	RD	RD	RD
NEO	NEO598	RR	RR	RR	RR	RR	RR
VK	VK438	RR	RR	RR	RR	RR	RR
NEO	NEO624	RR	RR	RR	RR	RR	RR
NEO	NEO557	RR	RR	RR	RR	RR	RR
NEO	NEO560	RR	RR	RR	RR	RR	RR
VK	VK230	RR	RR	RR	RR	RR	RR
VK	VK365	RR	RR	RR	RR	RR	RR
VK	VK443	RR	RR	RR	RR	RR	RR
NEO	NEO27	RD	RR	RR	RD	RR	RR
NEO	NEO52	RR	RR	RR	RR	RR	RR
NEO	NEO36	RR	RR	RR	RR	RR	RR
NEO	NEO80	RR	RR	RR	RR	RR	RR
VK	VK511	RR	RR	RR	RR	RR	RR
VK	VK184	RR	RR	RR	RR	RR	RR
RISE	RISE109	RR	RR	RR	RR	RR	RR
VK	VK150	RR	RR	RR	RR	RR	RR
VK	VK372	RR	RR	RR	RR	RR	RR
VK	VK504	RR	RR	RR	RR	RR	RR
NEO	NEO498	RR	RR	RR	RR	RR	RR
VK	VK291	RR	RR	RR	RR	RR	RR
NEO	NEO174	RR	RR	RR	RR	RR	RR
NEO	NEO202	RR	RR	RR	RR	RR	RR
VK	VK405	RR	RR	RR	RR	RR	RR
NEO	NEO123	RR	RR	RR	RR	RR	RR
VK	VK90	RR	RR	RR	RR	RR	RR
VK	VK322	RR	RR	RR	RR	RR	RR
VK	VK349	RD	RD	RD	RD	RD	RD
NEO	NEO200	RR	RR	RR	RR	RR	RR
VK	VK46	RR	RR	RR	RR	RR	RR
RISE	RISE00	RR	RR	RR	RR	RR	RR
RISE	RISE395	RR	RR	RR	RR	RR	RR
VK	VK129	RR	RR	RR	RR	RR	RR
NEO	NEO306	RR	RR	RR	RR	RR	RR
VK	VK168	RR	RR	RR	RR	RR	RR
NEO	NEO632	RR	RR	RR	RR	RR	RR
RISE	RISE94	RR	RR	RR	RR	RR	RR
VK	VK15	RR	RR	RR	RR	RR	RR
VK	VK325	RR	RR	RR	RR	RR	RR
RISE	RISE523	RR	RR	RR	RR	RR	RR
RISE	RISE511	RR	RR	RR	RR	RR	RR
NEO	NEO305	RR	RR	RR	RR	RR	RR
VK	VK494	RR	RR	RR	RR	RR	RR
VK	VK323	RR	RR	RR	RR	RR	RR
VK	VK553	RR	RR	RR	RR	RR	RR
VK	VK256	RR	RR	RR	RR	RR	RR
VK	VK355	RR	RR	RR	RR	RR	RR
NEO	NEO226	RR	RR	RR	RR	RR	RR
NEO	NEO528	RR	RR	RR	RR	RR	RR
VK	VK385	RR	RR	RR	RR	RR	RR
VK	VK399	RR	RR	RR	RR	RR	RR
NEO	NEO813	RR	RR	RR	RR	RR	RR
VK	VK34	RR	RR	RR	RR	RR	RR
VK	VK483	RR	RR	RR	RR	RR	RR
NEO	NEO194	RR	RR	RR	RR	RR	RR
VK	VK42	RR	RR	RR	RR	RR	RR
VK	VK495	RD	RD	RD	RD	RD	RD
VK	VK429	RR	RR	RR	RR	RR	RR
VK	VK397	RR	RR	RR	RR	RR	RR
NEO	NEO816	RR	RR	RR	RR	RR	RR
RISE	RISE569	RD	RD	RD	RD	RD	RD
NEO	NEO166	RR	RR	RR	RR	RR	RR
NEO	NEO310	RR	RR	RR	RR	RR	RR
NEO	NEO304	RR	RR	RR	RR	RR	RR
VK	VK510	RD	RD	RD	RD	RD	RD
VK	VK154	RR	RR	RR	RR	RR	RR
VK	VK352	RD	RR	RR	RD	RR	RR
NEO	NEO649	RR	RR	RR	RR	RR	RR
VK	VK263	RR	RR	RR	RR	RR	RR
NEO	NEO555	RR	RR	RR	RR	RR	RR
VK	VK348	RD	RD	RD	RD	RD	RD
VK	VK433	RR	RR	RR	RR	RR	RR
VK	VK487	RR	RR	RR	RR	RR	RR
VK	VK394	RR	RR	RR	RR	RR	RR
VK	VK448	RR	RR	RR	RR	RR	RR
VK	VK513	RR	RR	RR	RR	RR	RR
VK	VK40	RR	RR	RR	RR	RR	RR
VK	VK518	RR	RR	RR	RR	RR	RR
NEO	NEO228	RR	RR	RR	RR	RR	RR
NEO	NEO65	RR	RR	RR	RR	RR	RR
VK	VK274	RR	RR	RR	RR	RR	RR
VK	VK328	RR	RR	RR	RR	RR	RR
NEO	NEO870	RR	RR	RR	RR	RR	RR
VK	VK118	RR	RR	RR	RR	RR	RR
VK	VK528	RD	RD	RD	RD	RD	RD
NEO	NEO853	RD	RR	RR	RD	RR	RR
NEO	NEO171	RR	RR	RR	RR	RR	RR
NEO	NEO938	RR	RR	RR	RR	RR	RR
NEO	NEO193	RR	RR	RR	RR	RR	RR
VK	VK265	RR	RR	RR	RR	RR	RR
NEO	NEO92	RR	RR	RR	RR	RR	RR
VK	VK205	RR	RR	RR	RR	RR	RR
RISE	RISE497	RR	RR	RR	RR	RR	RR
RISE	RISE504	RR	RR	RR	RR	RR	RR
VK	VK489	RR	RR	RR	RR	RR	RR
RISE	RISE499	RR	RR	RR	RR	RR	RR
VK	VK444	RR	RR	RR	RR	RR	RR
NEO	NEO160	RR	RR	RR	RR	RR	RR
VK	VK426	RR	RR	RR	RR	RR	RR
NEO	NEO173	RR	RR	RR	RR	RR	RR
NEO	NEO945	RR	RR	RR	RR	RR	RR
VK	VK35	RR	RR	RR	RR	RR	RR
VK	VK549	RR	RR	RR	RR	RR	RR
NEO	NEO178	RR	RR	RR	RR	RR	RR
RISE	RISE503	RR	RR	RR	RR	RR	RR
NEO	NEO806	RR	RR	RR	RR	RR	RR
VK	VK422	RR	RR	RR	RR	RR	RR
NEO	NEO70	RR	RR	RR	RR	RR	RR
VK	VK526	RD	RD	RD	RD	RD	RD
VK	VK362	RR	RR	RR	RR	RR	RR
VK	VK241	RR	RR	RR	RR	RR	RR
VK	VK288	RR	RR	RR	RR	RR	RR
VK	VK157	RR	RR	RR	RR	RR	RR
NEO	NEO309	RD	RD	RD	RD	RD	RD
VK	VK555	RR	RR	RR	RR	RR	RR
NEO	NEO932	RR	RR	RR	RR	RR	RR
NEO	NEO122	RR	RR	RR	RR	RR	RR
NEO	NEO51	RR	RR	RR	RR	RR	RR
VK	VK234	RR	RR	RR	RR	RR	RR
NEO	NEO878	RD	RD	RD	RD	RD	RD
NEO	NEO170	RR	RR	RR	RR	RR	RR
VK	VK27	RR	RR	RR	RR	RR	RR
NEO	NEO942	RR	RR	RR	RR	RR	RR
VK	VK458	RR	RR	RR	RR	RR	RR
VK	VK395	RR	RR	RR	RR	RR	RR
VK	VK393	RR	RR	RR	RR	RR	RR
NEO	NEO925	RR	RR	RR	RR	RR	RR
VK	VK508	RR	RR	RR	RR	RR	RR
VK	VK337	RR	RR	RR	RR	RR	RR
VK	VK336	RR	RR	RR	RR	RR	RR
VK	VK387	RR	RR	RR	RR	RR	RR
VK	VK457	RR	RR	RR	RR	RR	RR
NEO	NEO18	RR	RR	RR	RR	RR	RR
VK	VK367	RR	RR	RR	RR	RR	RR
VK	VK139	RR	RR	RR	RR	RR	RR
VK	VK482	RR	RR	RR	RR	RR	RR
VK	VK354	RR	RR	RR	RR	RR	RR
VK	VK468	RD	RD	RD	RD	RD	RD
VK	VK58	RR	RR	RR	RR	RR	RR
VK	VK260	RR	RR	RR	RR	RR	RR
VK	VK332	RR	RR	RR	RR	RR	RR
VK	VK298	DD	RD	RD	DD	RD	RD
NEO	NEO759	RR	RR	RR	RR	RR	RR
RISE	RISE487	RR	RR	RR	RR	RR	RR
VK	VK324	RR	RR	RR	RR	RR	RR
VK	VK147	RD	RD	RD	RD	RD	RD
VK	VK171	RR	RR	RR	RR	RR	RR
VK	VK284	RR	RR	RR	RR	RR	RR
RISE	RISE559	RD	RR	RR	RD	RR	RR
VK	VK101	RR	RR	RR	RR	RR	RR
RISE	RISE600	RR	RR	RR	RR	RR	RR
NEO	NEO93	RR	RR	RR	RR	RR	RR
RISE	RISE493	RR	RR	RR	RR	RR	RR
VK	VK220	RR	RR	RR	RR	RR	RR
VK	VK507	RR	RR	RR	RR	RR	RR
VK	VK363	RR	RR	RR	RR	RR	RR
RISE	RISE486	RR	RR	RR	RR	RR	RR
VK	VK201	RR	RR	RR	RR	RR	RR
NEO	NEO521	RR	RR	RR	RR	RR	RR
NEO	NEO23	RR	RR	RR	RR	RR	RR
VK	VK141	RR	RR	RR	RR	RR	RR
VK	VK202	RD	RD	RD	RD	RD	RD
VK	VK317	RD	RD	RD	RD	RD	RD
VK	VK506	RR	RR	RR	RR	RR	RR
VK	VK285	RR	RR	RR	RR	RR	RR
NEO	NEO814	RR	RR	RR	RR	RR	RR
VK	VK402	RR	RR	RR	RR	RR	RR
VK	VK350	RR	RR	RR	RR	RR	RR
NEO	NEO646	RR	RR	RR	RR	RR	RR
NEO	NEO738	RR	RR	RR	RR	RR	RR
NEO	NEO63	RR	RR	RR	RR	RR	RR
RISE	RISE392	RR	RR	RR	RR	RR	RR
VK	VK183	RR	RR	RR	RR	RR	RR
NEO	NEO38	RR	RR	RR	RR	RR	RR
VK	VK221	RD	RD	RD	RD	RD	RD
