Sample	No_filter	Permissive_filter	Strict_filter
Yamnaya	RD	RD	RD
DA253	RR	RR	RR
RISE674	RR	RR	RR
RISE664	RR	RR	RR
RISE662	RR	RR	RR
RISE516	RR	RR	RR
RISE515	RR	RR	RR
MA2213	RR	RR	RR
MA2212	RR	RR	RR
MA2210	RR	RR	RR
DA336	RR	RR	RR
RISE680	RR	RR	RR
RISE683	RD	RR	RR
DA341	RR	RR	RR
DA353	RR	RR	RR
DA345	RR	RR	RR
DA246	RR	RR	RR
DA343	RR	RR	RR
DA340	RR	RR	RR
RISE684	RR	RR	RR
DA337	RR	RR	RR
RISE719	RR	RR	RR
RISE685	RR	RR	RR
DA355	RR	RR	RR
DA245	RR	RR	RR
MA2200	RR	RR	RR
DA334	RR	RR	RR
DA252	RR	RR	RR
DA250	RR	RR	RR
DA249	RR	RR	RR
DA362	RR	RR	RR
DA361	RR	RR	RR
DA247	RR	RR	RR
DA360	RR	RR	RR
DA359	RR	RR	RR
DA358	RD	RR	RR
RISE677	RR	RR	RR
MA2203	RR	RR	RR
RISE667	RR	RR	RR
EBA2	RR	RR	RR
EBA1	RR	RR	RR
DA381	RR	RR	RR
BOT2016	RR	RR	RR
BOT15	RR	RR	RR
BOT14	RR	RR	RR
MA2205	RR	RR	RR
DA356	RR	RR	RR
NEO309	RD	RD	RD
NEO570	RR	RR	RR
NEO878	RD	RD	RD
NEO812	RR	RR	RR
NEO943	RR	RR	RR
NEO27	RD	RR	RR
NEO946	RD	RD	RD
NEO122	RR	RR	RR
NEO212	RR	RR	RR
NEO202	RR	RR	RR
NEO178	RR	RR	RR
NEO121	RR	RR	RR
NEO123	RR	RR	RR
NEO142	RR	RR	RR
NEO174	RR	RR	RR
NEO116	RR	RR	RR
NEO115	RR	RR	RR
NEO226	RR	RR	RR
NEO173	RR	RR	RR
NEO171	RR	RR	RR
NEO225	RR	RR	RR
NEO197	RR	RR	RR
NEO228	RR	RR	RR
NEO25	RR	RR	RR
NEO200	RR	RR	RR
NEO166	RR	RR	RR
NEO18	RR	RR	RR
NEO180	RD	RD	RR
NEO184	RR	RR	RR
NEO185	RR	RR	RR
NEO186	RR	RR	RR
NEO19	RR	RR	RR
NEO193	RR	RR	RR
NEO194	RR	RR	RR
NEO187	RR	RR	RR
NEO590	RD	RD	RR
NEO170	RR	RR	RR
NEO260	RR	RR	RR
NEO163	RR	RR	RR
NEO51	RR	RR	RR
NEO498	RR	RR	RR
NEO502	RR	RR	RR
NEO503	RR	RR	RR
NEO310	RR	RR	RR
NEO283	RR	RR	RR
NEO300	RD	RD	RR
NEO302	RR	RR	RR
NEO304	RR	RR	RR
NEO305	RR	RR	RR
NEO306	RR	RR	RR
NEO29	RR	RR	RR
NEO509	RR	RR	RR
NEO555	RR	RR	RR
NEO160	RR	RR	RR
NEO556	RR	RR	RR
NEO557	RR	RR	RR
NEO558	RR	RR	RR
NEO559	RR	RR	RR
NEO560	RR	RR	RR
NEO561	RR	RR	RR
NEO261	RR	RR	RR
NEO516	RR	RR	RR
NEO52	RR	RR	RR
NEO521	RR	RR	RR
NEO528	RR	RR	RR
NEO538	RR	RR	RR
NEO853	RD	RR	RR
NEO843	RR	RR	RR
NEO870	RR	RR	RR
NEO855	RD	RD	RR
NEO624	RR	RR	RR
NEO632	RR	RR	RR
NEO641	RR	RR	RR
NEO649	RR	RR	RR
NEO65	RR	RR	RR
NEO657	RR	RR	RR
NEO658	RR	RR	RR
NEO631	RD	RR	RR
NEO630	RR	RR	RR
NEO63	RR	RR	RR
NEO597	RR	RR	RR
NEO598	RR	RR	RR
NEO609	RR	RR	RR
NEO62	RR	RR	RR
NEO625	RR	RR	RR
NEO866	RR	RR	RR
NEO738	RR	RR	RR
NEO739	RR	RR	RR
NEO737	RR	RR	RR
NEO749	RR	RR	RR
NEO759	RR	RR	RR
NEO751	RR	RR	RR
NEO752	RR	RR	RR
NEO683	RD	RD	RR
NEO694	RR	RR	RR
NEO702	RR	RR	RR
NEO721	RR	RR	RR
NEO73	RR	RR	RR
NEO78	RR	RR	RR
NEO917	RR	RR	RR
NEO912	RR	RR	RR
NEO911	RR	RR	RR
NEO87	RR	RR	RR
NEO83	RR	RR	RR
NEO589	RR	RR	RR
NEO791	RR	RR	RR
NEO80	RR	RR	RR
NEO806	RR	RR	RR
NEO876	RR	RR	RR
NEO813	RR	RR	RR
NEO819	RR	RR	RR
NEO814	RR	RR	RR
NEO79	RR	RR	RR
NEO88	RR	RR	RR
NEO925	RR	RR	RR
NEO93	RR	RR	RR
NEO932	RR	RR	RR
NEO933	RR	RR	RR
NEO935	RR	RR	RR
NEO938	RR	RR	RR
NEO941	RR	RR	RR
NEO942	RR	RR	RR
NEO945	RR	RR	RR
NEO951	RR	RR	RR
NEO92	RR	RR	RR
NEO891	RR	RR	RR
NEO898	RR	RR	RR
NEO910	RR	RR	RR
NEO38	RR	RR	RR
NEO23	RR	RR	RR
NEO281	RR	RR	RR
NEO36	RR	RR	RR
NEO646	RR	RR	RR
NEO70	RR	RR	RR
NEO816	RR	RR	RR
RISE503	RR	RR	RR
RISE500	RR	RR	RR
RISE486	RR	RR	RR
RISE109	RR	RR	RR
RISE150	RR	RR	RR
RISE392	RR	RR	RR
RISE395	RR	RR	RR
RISE487	RR	RR	RR
RISE499	RR	RR	RR
RISE493	RR	RR	RR
RISE495	RR	RR	RR
RISE496	RR	RR	RR
RISE497	RR	RR	RR
RISE489	RR	RR	RR
RISE502	RR	RR	RR
RISE504	RR	RR	RR
RISE511	RR	RR	RR
RISE552	RR	RR	RR
RISE559	RD	RR	RR
RISE563	RR	RR	RR
RISE00	RR	RR	RR
RISE505	RR	RR	RR
RISE509	RD	RR	RR
RISE523	RR	RR	RR
RISE577	RR	RR	RR
RISE569	RD	RD	RD
RISE600	RR	RR	RR
RISE602	RR	RR	RR
RISE94	RR	RR	RR
RISE98	RR	RR	RR
RISE479	RR	RR	RR
VK533	RD	RD	RD
VK468	RD	RD	RD
VK551	RD	RD	RD
VK151	RD	RD	RD
VK128	RD	RD	RD
VK308	RD	RD	RD
VK70	RD	RD	RD
VK221	RD	RD	RD
VK349	RD	RD	RD
VK521	RD	RD	RD
VK84	RD	RD	RR
VK348	RD	RD	RD
VK298	DD	RD	RD
VK408	DD	RD	RD
VK526	RD	RD	RD
VK344	RD	RD	RD
VK279	RD	RD	RD
VK102	RR	RR	RR
VK334	RR	RD	RD
VK175	RD	RD	RD
VK317	RD	RD	RD
VK146	RD	RD	RD
VK147	RD	RD	RD
VK510	RD	RD	RD
VK495	RD	RD	RD
VK370	RD	RD	RD
VK548	RD	RD	RD
VK166	RR	RR	RR
VK118	RR	RR	RR
VK122	RR	RR	RR
VK129	RR	RR	RR
VK354	RR	RR	RR
VK204	RR	RR	RR
VK201	RR	RR	RR
VK202	RD	RD	RD
VK203	RR	RR	RR
VK205	RR	RR	RR
VK207	RR	RR	RR
VK101	RR	RR	RR
VK314	RR	RR	RR
VK160	RR	RR	RR
VK157	RR	RR	RR
VK156	RR	RR	RR
VK154	RR	RR	RR
VK150	RR	RR	RR
VK15	RR	RR	RR
VK143	RR	RR	RR
VK141	RR	RR	RR
VK139	RR	RR	RR
VK134	RD	RR	RR
VK316	RD	RD	RR
VK219	RR	RR	RR
VK183	RR	RR	RR
VK220	RR	RR	RR
VK165	RR	RR	RR
VK51	RR	RR	RR
VK509	RR	RR	RR
VK508	RR	RR	RR
VK507	RR	RR	RR
VK506	RR	RR	RR
VK505	RR	RR	RR
VK504	RR	RR	RR
VK357	RR	RR	RR
VK1	RR	RR	RR
VK355	RR	RR	RR
VK190	RR	RR	RR
VK187	RR	RR	RR
VK184	RR	RR	RR
VK303	RR	RR	RR
VK18	RR	RR	RR
VK179	RR	RR	RR
VK178	RR	RR	RR
VK177	RR	RR	RR
VK176	RD	RR	RR
VK174	RR	RR	RR
VK173	RR	RR	RR
VK172	RR	RR	RR
VK171	RR	RR	RR
VK17	RD	RD	RD
VK168	RR	RR	RR
VK306	RR	RR	RR
VK342	RD	RD	RR
VK301	RD	RD	RD
VK287	RR	RR	RR
VK245	RR	RR	RR
VK242	RR	RR	RR
VK288	RR	RR	RR
VK241	RR	RR	RR
VK238	RD	RR	RR
VK234	RR	RR	RR
VK230	RR	RR	RR
VK257	RR	RR	RR
VK258	RR	RR	RR
VK259	RR	RR	RR
VK285	RR	RR	RR
VK30	RR	RR	RR
VK284	RR	RR	RR
VK282	RR	RR	RR
VK281	RR	RR	RR
VK274	RR	RR	RR
VK273	RR	RR	RR
VK27	RR	RR	RR
VK266	RR	RR	RR
VK265	RR	RR	RR
VK264	RD	RR	RR
VK263	RR	RR	RR
VK262	RR	RR	RR
VK25	RR	RR	RR
VK254	RR	RR	RR
VK256	RR	RR	RR
VK289	RR	RR	RR
VK296	RR	RR	RR
VK295	RR	RR	RR
VK291	RR	RR	RR
VK320	RR	RR	RR
VK322	RR	RR	RR
VK352	RD	RR	RR
VK350	RR	RR	RR
VK35	RR	RR	RR
VK345	RR	RR	RR
VK343	RD	RR	RR
VK513	RR	RR	RR
VK34	RR	RR	RR
VK323	RR	RR	RR
VK337	RR	RR	RR
VK336	RR	RR	RR
VK335	RR	RR	RR
VK333	RR	RR	RR
VK332	RR	RR	RR
VK330	RR	RR	RR
VK329	RR	RR	RR
VK328	RR	RR	RR
VK326	RD	RD	RD
VK325	RR	RR	RR
VK324	RR	RR	RR
VK290	RR	RR	RR
VK511	RR	RR	RR
VK475	RR	RR	RR
VK514	RD	RD	RD
VK405	RR	RR	RR
VK367	RR	RR	RR
VK365	RR	RR	RR
VK363	RR	RR	RR
VK362	RR	RR	RR
VK361	RR	RR	RR
VK358	RD	RR	RR
VK385	RR	RR	RR
VK387	RR	RR	RR
VK415	RR	RR	RR
VK388	RR	RR	RR
VK414	RR	RR	RR
VK407	RR	RR	RR
VK404	RR	RR	RR
VK517	RR	RR	RR
VK403	RR	RR	RR
VK402	RR	RR	RR
VK401	RR	RR	RR
VK400	RR	RR	RR
VK40	RR	RR	RR
VK399	RR	RR	RR
VK398	RR	RR	RR
VK397	RR	RR	RR
VK396	RR	RR	RR
VK395	RR	RR	RR
VK394	RR	RR	RR
VK393	RR	RR	RR
VK368	RD	RD	RD
VK369	RR	RR	RR
VK371	RR	RR	RR
VK372	RR	RR	RR
VK418	RR	RR	RR
VK419	RR	RR	RR
VK433	RR	RR	RR
VK42	RR	RR	RR
VK422	RR	RR	RR
VK429	RR	RR	RR
VK428	RR	RR	RR
VK426	RR	RR	RR
VK425	RR	RR	RR
VK456	RD	RD	RD
VK457	RR	RR	RR
VK458	RR	RR	RR
VK46	RR	RR	RR
VK455	RR	RR	RR
VK438	RR	RR	RR
VK445	RR	RR	RR
VK44	RR	RR	RR
VK442	RR	RR	RR
VK443	RR	RR	RR
VK444	RR	RR	RR
VK446	RR	RR	RR
VK448	RR	RR	RR
VK386	RR	RR	RR
VK384	RR	RR	RR
VK373	RR	RR	RR
VK392	RR	RR	RR
VK389	RR	RR	RR
VK553	RR	RR	RR
VK494	RR	RR	RR
VK492	RR	RR	RR
VK491	RR	RR	RR
VK489	RR	RR	RR
VK488	RR	RR	RR
VK486	RR	RR	RR
VK534	RR	RR	RR
VK485	RR	RR	RR
VK484	RD	RD	RD
VK483	RR	RR	RR
VK482	RR	RR	RR
VK481	RR	RR	RR
VK480	RR	RR	RR
VK48	RR	RR	RR
VK477	RR	RR	RR
VK474	RR	RR	RR
VK473	RR	RR	RR
VK532	RR	RR	RR
VK528	RD	RD	RD
VK527	RR	RR	RR
VK525	RR	RR	RR
VK524	RR	RR	RR
VK523	RR	RR	RR
VK522	RR	RR	RR
VK518	RR	RR	RR
VK493	RR	RR	RR
VK496	RR	RR	RR
VK65	RR	RR	RR
VK497	RR	RR	RR
VK6	RR	RR	RR
VK58	RR	RR	RR
VK56	RR	RR	RR
VK555	RR	RR	RR
VK554	RR	RR	RR
VK536	RR	RR	RR
VK550	RR	RR	RR
VK549	RR	RR	RR
VK547	RR	RR	RR
VK544	RR	RR	RR
VK543	RR	RR	RR
VK542	RR	RR	RR
VK541	RR	RR	RR
VK540	RR	RR	RR
VK539	RR	RR	RR
VK538	RR	RR	RR
VK98	RR	RR	RR
VK92	RR	RR	RR
VK90	RR	RR	RR
VK87	RR	RR	RR
VK537	RR	RR	RR
VK487	RR	RR	RR
VK50	RR	RR	RR
VK498	RR	RR	RR
VK260	RR	RR	RR
